cluster_id,protein_id
CPX-15,YDR082W
CPX-15,YLR010C
CPX-15,YDL220C
CPX-21,YNL312W
CPX-21,YAR007C
CPX-21,YJL173C
CPX-23,YKL012W
CPX-23,YLR298C
CPX-23,YHR086W
CPX-23,YLR147C
CPX-23,YOR159C
CPX-23,YML046W
CPX-23,YIL061C
CPX-23,YLR275W
CPX-23,YGR074W
CPX-23,YFL017W-A
CPX-23,YPR182W
CPX-23,YDR235W
CPX-23,YDR240C
CPX-23,YER029C
CPX-23,YDL087C
CPX-23,YBR119W
CPX-23,YGR013W
CPX-24,YBL026W
CPX-24,YER112W
CPX-24,YNL147W
CPX-24,YLR438C-A
CPX-24,YJR022W
CPX-24,YER146W
CPX-24,YMR268C
CPX-24,YDR378C
CPX-25,YNL147W
CPX-25,YOR159C
CPX-25,YER172C
CPX-25,YGR091W
CPX-25,YPR182W
CPX-25,YDL098C
CPX-25,YER112W
CPX-25,YPR178W
CPX-25,YLR275W
CPX-25,YDR473C
CPX-25,YJR022W
CPX-25,YER146W
CPX-25,YER029C
CPX-25,YFR005C
CPX-25,YEL026W
CPX-25,YPR082C
CPX-25,YHR165C
CPX-25,YLR147C
CPX-25,YLR438C-A
CPX-25,YFL017W-A
CPX-25,YDR243C
CPX-25,YBL026W
CPX-25,YDR378C
CPX-25,YOR308C
CPX-25,YGR074W
CPX-25,YGR075C
CPX-25,YBR152W
CPX-25,YKL173W
CPX-25,YBR055C
CPX-26,YML049C
CPX-26,YPL213W
CPX-26,YGL174W
CPX-26,YOR319W
CPX-26,YOR159C
CPX-26,YMR288W
CPX-26,YNL286W
CPX-26,YPR182W
CPX-26,YIR009W
CPX-26,YLR016C
CPX-26,YJL203W
CPX-26,YLR275W
CPX-26,YPR094W
CPX-26,YER029C
CPX-26,YIR005W
CPX-26,YLR147C
CPX-26,YDL043C
CPX-26,YFL017W-A
CPX-26,YNL138W-A
CPX-26,YMR240C
CPX-26,YGR074W
CPX-26,YDL030W
CPX-29,YHR165C
CPX-29,YLR147C
CPX-29,YOR159C
CPX-29,YER172C
CPX-29,YLR275W
CPX-29,YGR074W
CPX-29,YHR156C
CPX-29,YFL017W-A
CPX-29,YPR182W
CPX-29,YER029C
CPX-29,YKL173W
CPX-29,YDR243C
CPX-29,YBR055C
CPX-29,YPR082C
CPX-30,YHR165C
CPX-30,YLR147C
CPX-30,YOR159C
CPX-30,YLR275W
CPX-30,YBL074C
CPX-30,YGR074W
CPX-30,YFL017W-A
CPX-30,YPR182W
CPX-30,YER029C
CPX-30,YKL173W
CPX-31,YLR147C
CPX-31,YOR159C
CPX-31,YPR178W
CPX-31,YLR275W
CPX-31,YDR473C
CPX-31,YGR074W
CPX-31,YFL017W-A
CPX-31,YPR182W
CPX-31,YER029C
CPX-31,YEL026W
CPX-32,YBL026W
CPX-32,YER112W
CPX-32,YLR147C
CPX-32,YNL147W
CPX-32,YLR438C-A
CPX-32,YPR178W
CPX-32,YLR275W
CPX-32,YOR159C
CPX-32,YDR473C
CPX-32,YGR091W
CPX-32,YGR074W
CPX-32,YFL017W-A
CPX-32,YPR182W
CPX-32,YJR022W
CPX-32,YER146W
CPX-32,YER029C
CPX-32,YDR378C
CPX-32,YEL026W
CPX-36,YAR014C
CPX-36,YGR238C
CPX-36,YHR158C
CPX-43,YLR147C
CPX-43,YOR159C
CPX-43,YLR275W
CPX-43,YGR074W
CPX-43,YFL017W-A
CPX-43,YPR182W
CPX-43,YER029C
CPX-44,YBL026W
CPX-44,YNL147W
CPX-44,YER112W
CPX-44,YLR438C-A
CPX-44,YJR022W
CPX-44,YER146W
CPX-44,YDR378C
CPX-45,YBL026W
CPX-45,YJL124C
CPX-45,YNL147W
CPX-45,YER112W
CPX-45,YLR438C-A
CPX-45,YER146W
CPX-45,YDR378C
CPX-46,YBL026W
CPX-46,YNL147W
CPX-46,YER112W
CPX-46,YLR438C-A
CPX-46,YER146W
CPX-46,YDR378C
CPX-112,YBL026W
CPX-112,YJL124C
CPX-112,YER112W
CPX-112,YNL147W
CPX-112,YLR438C-A
CPX-112,YCR077C
CPX-112,YER146W
CPX-112,YDR378C
CPX-124,YBL008W
CPX-124,YBR215W
CPX-124,YJR140C
CPX-124,YOR038C
CPX-140,YNL100W
CPX-140,YCL057C-A
CPX-140,YBR262C
CPX-140,YKR016W
CPX-140,YFR011C
CPX-140,YGR235C
CPX-154,YGR188C
CPX-154,YOR026W
CPX-161,YDR470C
CPX-161,YBR179C
CPX-161,YOR211C
CPX-162,YDL193W
CPX-162,YBR002C
CPX-166,YMR101C
CPX-166,YDL193W
CPX-231,YGL115W
CPX-231,YDR477W
CPX-231,YER027C
CPX-232,YGL115W
CPX-232,YDR477W
CPX-232,YDR422C
CPX-242,YDR021W
CPX-242,YLR336C
CPX-297,YBL023C
CPX-297,YOL146W
CPX-297,YJL072C
CPX-297,YPR019W
CPX-297,YGL201C
CPX-297,YLR103C
CPX-297,YDR489W
CPX-297,YDR013W
CPX-297,YEL032W
CPX-297,YBR202W
CPX-297,YLR274W
CPX-301,YGL227W
CPX-301,YMR135C
CPX-301,YBR105C
CPX-301,YIL017C
CPX-301,YIL097W
CPX-301,YCL039W
CPX-301,YDR255C
CPX-302,YHR162W
CPX-302,YGL080W
CPX-303,YGL080W
CPX-303,YGR243W
CPX-307,YCL045C
CPX-307,YIL027C
CPX-307,YKL207W
CPX-307,YLL014W
CPX-307,YJR088C
CPX-307,YGL231C
CPX-325,YBR281C
CPX-325,YNL191W
CPX-335,YGR108W
CPX-335,YBR160W
CPX-336,YDL155W
CPX-336,YBR160W
CPX-337,YBR160W
CPX-337,YLR210W
CPX-339,YBR160W
CPX-339,YGR109C
CPX-342,YBR160W
CPX-342,YBR135W
CPX-342,YPL256C
CPX-361,YFR021W
CPX-361,YNL242W
CPX-384,YPL215W
CPX-384,YBR120C
CPX-385,YGL091C
CPX-385,YIL003W
CPX-386,YPR048W
CPX-386,YKR071C
CPX-393,YOR054C
CPX-393,YKL088W
CPX-393,YKR072C
CPX-396,YDR196C
CPX-396,YIL083C
CPX-396,YKL088W
CPX-396,YGR277C
CPX-397,YDR022C
CPX-397,YPL166W
CPX-397,YLR423C
CPX-416,YBL080C
CPX-416,YGR102C
CPX-416,YMR293C
CPX-417,YDR221W
CPX-417,YBR229C
CPX-418,YNR046W
CPX-418,YDR140W
CPX-422,YOR144C
CPX-422,YNL290W
CPX-422,YJR068W
CPX-422,YOL094C
CPX-422,YBR087W
CPX-425,YKL081W
CPX-425,YAL003W
CPX-425,YBR118W
CPX-426,YBL007C
CPX-426,YNL084C
CPX-426,YIR006C
CPX-427,YER025W
CPX-427,YJR007W
CPX-427,YPL237W
CPX-429,YLR291C
CPX-429,YOR260W
CPX-429,YKR026C
CPX-429,YDR211W
CPX-429,YGR083C
CPX-430,YOL139C
CPX-430,YJL138C
CPX-430,YGR162W
CPX-431,YOL139C
CPX-431,YJL138C
CPX-431,YGL049C
CPX-435,YDR172W
CPX-435,YBR143C
CPX-465,YNL001W
CPX-465,YKR084C
CPX-473,YPR133W-A
CPX-473,YMR203W
CPX-473,YOR045W
CPX-473,YNL131W
CPX-473,YNL070W
CPX-474,YPR133W-A
CPX-474,YMR203W
CPX-474,YOR045W
CPX-474,YNL131W
CPX-474,YNL070W
CPX-474,YNL121C
CPX-474,YGR082W
CPX-532,YLR170C
CPX-532,YPL259C
CPX-532,YKL135C
CPX-532,YPR029C
CPX-533,YLR170C
CPX-533,YHL019C
CPX-533,YKL135C
CPX-533,YPR029C
CPX-534,YBL037W
CPX-534,YJR058C
CPX-534,YJR005W
CPX-534,YOL062C
CPX-535,YBR288C
CPX-535,YPL195W
CPX-535,YGR261C
CPX-535,YJL024C
CPX-536,YJL164C
CPX-536,YIL033C
CPX-537,YIL033C
CPX-537,YPL203W
CPX-545,YNL290W
CPX-545,YJR068W
CPX-545,YOR217W
CPX-545,YOL094C
CPX-545,YBR087W
CPX-548,YMR117C
CPX-548,YOL069W
CPX-548,YIL144W
CPX-548,YER018C
CPX-554,YGR240C
CPX-554,YMR205C
CPX-558,YNL037C
CPX-558,YOR136W
CPX-565,YKL141W
CPX-565,YDR178W
CPX-565,YLL041C
CPX-565,YKL148C
CPX-567,YHR001W-A
CPX-567,YDR529C
CPX-567,YFR033C
CPX-567,YOR065W
CPX-567,YJL166W
CPX-567,YGR183C
CPX-567,YPR191W
CPX-567,YEL024W
CPX-567,YBL045C
CPX-568,YML102W
CPX-568,YBR195C
CPX-568,YPR018W
CPX-571,YKL166C
CPX-571,YIL033C
CPX-572,YJL164C
CPX-572,YIL033C
CPX-572,YPL203W
CPX-573,YJL164C
CPX-573,YKL166C
CPX-573,YIL033C
CPX-574,YKL166C
CPX-574,YIL033C
CPX-574,YPL203W
CPX-575,YPL049C
CPX-575,YHR084W
CPX-575,YDR480W
CPX-576,YPL049C
CPX-576,YHR084W
CPX-576,YBR083W
CPX-579,YOR303W
CPX-579,YJR109C
CPX-581,YOR061W
CPX-581,YOR039W
CPX-581,YIL035C
CPX-581,YGL019W
CPX-582,YMR261C
CPX-582,YBR126C
CPX-582,YDR074W
CPX-583,YML100W
CPX-583,YBR126C
CPX-583,YDR074W
CPX-588,YLR433C
CPX-588,YKL190W
CPX-590,YKL190W
CPX-590,YML057W
CPX-599,YOL021C
CPX-599,YGR158C
CPX-599,YGR095C
CPX-599,YNL232W
CPX-599,YDL111C
CPX-599,YCR035C
CPX-599,YDR280W
CPX-599,YHR069C
CPX-599,YGR195W
CPX-599,YOR001W
CPX-599,YOL142W
CPX-603,YOL021C
CPX-603,YGR158C
CPX-603,YGR095C
CPX-603,YNL232W
CPX-603,YDL111C
CPX-603,YCR035C
CPX-603,YDR280W
CPX-603,YHR069C
CPX-603,YGR195W
CPX-603,YOL142W
CPX-607,YNR035C
CPX-607,YKL013C
CPX-607,YDL029W
CPX-607,YLR370C
CPX-607,YBR234C
CPX-607,YIL062C
CPX-607,YJR065C
CPX-609,YML105C
CPX-609,YPL243W
CPX-609,YDL092W
CPX-609,YPL210C
CPX-609,YKL122C
CPX-609,YPR088C
CPX-636,YMR044W
CPX-636,YLR095C
CPX-636,YBR245C
CPX-637,YFR013W
CPX-637,YBR245C
CPX-656,YBR081C
CPX-656,YGR252W
CPX-656,YDR392W
CPX-656,YHR099W
CPX-656,YPL047W
CPX-656,YDR145W
CPX-656,YDR176W
CPX-656,YCL010C
CPX-656,YLR055C
CPX-656,YBR198C
CPX-656,YGL066W
CPX-656,YGL112C
CPX-656,YBR111W-A
CPX-656,YMR223W
CPX-656,YMR236W
CPX-656,YPL254W
CPX-656,YOL148C
CPX-656,YDR167W
CPX-656,YDR448W
CPX-656,YER164W
CPX-684,YCR039C
CPX-684,YCR097W
CPX-692,YMR043W
CPX-692,YCR039C
CPX-693,YMR043W
CPX-693,YCL066W
CPX-695,YJL005W
CPX-695,YNL138W
CPX-728,YJL065C
CPX-728,YDR121W
CPX-728,YOR304W
CPX-728,YGL133W
CPX-729,YLR197W
CPX-729,YDL014W
CPX-729,YOR310C
CPX-729,YEL026W
CPX-734,YOR304W
CPX-734,YGL133W
CPX-737,YHR072W-A
CPX-737,YLR175W
CPX-737,YHR089C
CPX-737,YDL208W
CPX-756,YGL240W
CPX-756,YDR260C
CPX-756,YBL084C
CPX-756,YNL172W
CPX-756,YDL008W
CPX-756,YLR127C
CPX-756,YFR036W
CPX-756,YLR102C
CPX-756,YIR025W
CPX-756,YDR118W
CPX-756,YKL022C
CPX-756,YHR166C
CPX-756,YOR249C
CPX-760,YGL240W
CPX-760,YDR260C
CPX-760,YBL084C
CPX-760,YNL172W
CPX-760,YDL008W
CPX-760,YGL116W
CPX-760,YFR036W
CPX-760,YLR102C
CPX-760,YLR127C
CPX-760,YIR025W
CPX-760,YDR118W
CPX-760,YKL022C
CPX-760,YHR166C
CPX-760,YOR249C
CPX-761,YGL240W
CPX-761,YDR260C
CPX-761,YBL084C
CPX-761,YGL003C
CPX-761,YNL172W
CPX-761,YDL008W
CPX-761,YLR127C
CPX-761,YFR036W
CPX-761,YLR102C
CPX-761,YIR025W
CPX-761,YDR118W
CPX-761,YKL022C
CPX-761,YHR166C
CPX-761,YOR249C
CPX-762,YGL240W
CPX-762,YDR260C
CPX-762,YBL084C
CPX-762,YNL172W
CPX-762,YDL008W
CPX-762,YLR127C
CPX-762,YFR036W
CPX-762,YLR102C
CPX-762,YIR025W
CPX-762,YDR118W
CPX-762,YKL022C
CPX-762,YHR166C
CPX-762,YOR249C
CPX-762,YGR225W
CPX-768,YHR118C
CPX-768,YNL261W
CPX-768,YML065W
CPX-768,YBR060C
CPX-768,YLL004W
CPX-768,YPR162C
CPX-769,YOR039W
CPX-769,YIL035C
CPX-769,YGL019W
CPX-770,YOR061W
CPX-770,YOR039W
CPX-770,YGL019W
CPX-771,YCL031C
CPX-771,YIL035C
CPX-771,YOR039W
CPX-771,YGR090W
CPX-771,YGL019W
CPX-772,YCL031C
CPX-772,YIL035C
CPX-772,YOR039W
CPX-772,YGR090W
CPX-772,YOR061W
CPX-772,YGL019W
CPX-773,YCL031C
CPX-773,YOR039W
CPX-773,YGR090W
CPX-773,YOR061W
CPX-773,YGL019W
CPX-774,YCL031C
CPX-774,YIL035C
CPX-774,YOR039W
CPX-774,YGR090W
CPX-774,YOR061W
CPX-774,YLR223C
CPX-774,YGL019W
CPX-775,YCL031C
CPX-775,YIL035C
CPX-775,YOR039W
CPX-775,YGR090W
CPX-775,YLR223C
CPX-775,YGL019W
CPX-776,YCL031C
CPX-776,YOR039W
CPX-776,YGR090W
CPX-776,YOR061W
CPX-776,YLR223C
CPX-776,YGL019W
CPX-777,YDR181C
CPX-777,YOR213C
CPX-777,YMR127C
CPX-778,YNR046W
CPX-778,YOL124C
CPX-779,YGR200C
CPX-779,YPL101W
CPX-779,YPL086C
CPX-779,YMR312W
CPX-779,YHR187W
CPX-779,YLR384C
CPX-780,YKL154W
CPX-780,YDR292C
CPX-781,YEL053C
CPX-781,YPR051W
CPX-781,YCR020C-A
CPX-782,YPR131C
CPX-782,YOL076W
CPX-783,YOR253W
CPX-783,YDL040C
CPX-783,YHR013C
CPX-813,YOL110W
CPX-813,YLR246W
CPX-828,YOL067C
CPX-828,YBL103C
CPX-863,YOR141C
CPX-863,YPL129W
CPX-863,YNL215W
CPX-863,YLR052W
CPX-863,YFL013C
CPX-863,YEL044W
CPX-863,YNL059C
CPX-863,YOR189W
CPX-863,YGL150C
CPX-863,YER092W
CPX-863,YDL002C
CPX-863,YDR190C
CPX-863,YPL235W
CPX-863,YFL039C
CPX-863,YJL081C
CPX-867,YDL017W
CPX-867,YDR052C
CPX-868,YER145C
CPX-868,YMR058W
CPX-869,YBR207W
CPX-869,YFL041W
CPX-940,YLR119W
CPX-940,YGR206W
CPX-940,YCL008C
CPX-940,YPL065W
CPX-946,YER111C
CPX-946,YLR182W
CPX-950,YDL056W
CPX-950,YLR182W
CPX-956,YER083C
CPX-956,YDL100C
CPX-956,YGL020C
CPX-961,YJL030W
CPX-961,YGL086W
CPX-962,YJL030W
CPX-962,YGL116W
CPX-963,YJL013C
CPX-963,YJL030W
CPX-963,YGL116W
CPX-963,YOR026W
CPX-964,YMR055C
CPX-964,YJR053W
CPX-977,YAL041W
CPX-977,YJL157C
CPX-977,YOR212W
CPX-977,YJR086W
CPX-995,YJL184W
CPX-995,YML036W
CPX-995,YGR262C
CPX-995,YKR038C
CPX-995,YKR095W-A
CPX-999,YNL103W
CPX-999,YPL038W
CPX-999,YIR017C
CPX-1015,YDR253C
CPX-1015,YNL103W
CPX-1015,YIR017C
CPX-1016,YNL103W
CPX-1016,YJR060W
CPX-1016,YIR017C
CPX-1018,YAL026C
CPX-1018,YCR094W
CPX-1021,YNL323W
CPX-1021,YER166W
CPX-1022,YNL323W
CPX-1022,YDR093W
CPX-1026,YMR162C
CPX-1026,YNR048W
CPX-1036,YOL090W
CPX-1036,YCR092C
CPX-1037,YDR097C
CPX-1037,YOL090W
CPX-1038,YOR363C
CPX-1038,YAL051W
CPX-1039,YBR175W
CPX-1039,YHR119W
CPX-1039,YDR469W
CPX-1039,YLR015W
CPX-1039,YKL018W
CPX-1039,YBR258C
CPX-1039,YAR003W
CPX-1039,YPL138C
CPX-1040,YGL213C
CPX-1040,YPR189W
CPX-1040,YLR398C
CPX-1041,YGL061C
CPX-1041,YKR083C
CPX-1041,YKL138C-A
CPX-1041,YKR037C
CPX-1041,YDR201W
CPX-1041,YGR113W
CPX-1041,YBR233W-A
CPX-1041,YKL052C
CPX-1041,YDR016C
CPX-1041,YDR320C-A
CPX-1042,YML051W
CPX-1042,YDR009W
CPX-1043,YML051W
CPX-1043,YBR020W
CPX-1044,YML051W
CPX-1044,YPL248C
CPX-1045,YML067C
CPX-1045,YAL042W
CPX-1047,YNR046W
CPX-1047,YCR047C
CPX-1052,YNR046W
CPX-1052,YML014W
CPX-1053,YOR179C
CPX-1053,YER133W
CPX-1053,YLR115W
CPX-1053,YNL317W
CPX-1053,YPR107C
CPX-1053,YKR002W
CPX-1053,YDR195W
CPX-1053,YDR301W
CPX-1053,YAL043C
CPX-1053,YJR093C
CPX-1053,YNL222W
CPX-1053,YKL018W
CPX-1053,YLR277C
CPX-1053,YGR156W
CPX-1053,YKL059C
CPX-1068,YLR347C
CPX-1068,YNL189W
CPX-1071,YPL024W
CPX-1071,YLR234W
CPX-1071,YMR190C
CPX-1101,YMR270C
CPX-1101,YNL030W
CPX-1101,YBR010W
CPX-1101,YLR141W
CPX-1101,YBL025W
CPX-1101,YOR295W
CPX-1102,YJL026W
CPX-1102,YER070W
CPX-1102,YGR180C
CPX-1103,YJL026W
CPX-1103,YIL066C
CPX-1103,YER070W
CPX-1103,YGR180C
CPX-1125,YDL099W
CPX-1125,YDR517W
CPX-1140,YNL152W
CPX-1140,YER118C
CPX-1140,YMR032W
CPX-1140,YDL117W
CPX-1141,YER148W
CPX-1141,YPL082C
CPX-1142,YPL169C
CPX-1142,YKL186C
CPX-1143,YER148W
CPX-1143,YNL039W
CPX-1143,YGR246C
CPX-1149,YGR005C
CPX-1149,YPL129W
CPX-1149,YGR186W
CPX-1150,YMR033W
CPX-1150,YOR290C
CPX-1150,YPL129W
CPX-1150,YDR073W
CPX-1150,YJL176C
CPX-1150,YFL049W
CPX-1150,YGR275W
CPX-1150,YPL016W
CPX-1150,YPR034W
CPX-1150,YNR023W
CPX-1150,YHL025W
CPX-1150,YBR289W
CPX-1152,YML099C
CPX-1152,YDR173C
CPX-1152,YMR042W
CPX-1152,YMR043W
CPX-1153,YKL061W
CPX-1153,YGL079W
CPX-1153,YNL086W
CPX-1153,YDR357C
CPX-1153,YLR408C
CPX-1153,YEL005C
CPX-1155,YOR125C
CPX-1155,YGR255C
CPX-1155,YLR201C
CPX-1155,YOL096C
CPX-1155,YML110C
CPX-1156,YPL018W
CPX-1156,YJR135C
CPX-1156,YGR179C
CPX-1156,YDR254W
CPX-1156,YLR315W
CPX-1156,YBR107C
CPX-1156,YPR046W
CPX-1156,YAL034W-A
CPX-1156,YBR211C
CPX-1156,YDR383C
CPX-1156,YDR318W
CPX-1156,YLR381W
CPX-1157,YLR320W
CPX-1157,YHR154W
CPX-1157,YJL047C
CPX-1157,YPR164W
CPX-1157,YOL133W
CPX-1162,YKL182W
CPX-1162,YPL231W
CPX-1165,YLR320W
CPX-1165,YJL047C
CPX-1165,YPR164W
CPX-1165,YOL133W
CPX-1165,YPR135W
CPX-1166,YJL047C
CPX-1166,YOL133W
CPX-1166,YPR164W
CPX-1166,YDR363W
CPX-1167,YJL047C
CPX-1167,YOL133W
CPX-1167,YPR164W
CPX-1167,YNL261W
CPX-1178,YDR488C
CPX-1178,YDR424C
CPX-1178,YKR054C
CPX-1178,YMR299C
CPX-1185,YOR173W
CPX-1185,YLR270W
CPX-1186,YAL034W-A
CPX-1186,YIR010W
CPX-1186,YPL233W
CPX-1186,YJR112W
CPX-1187,YBR211C
CPX-1187,YPL018W
CPX-1187,YDR318W
CPX-1187,YGR179C
CPX-1188,YGL113W
CPX-1188,YJL090C
CPX-1188,YKL108W
CPX-1189,YJR035W
CPX-1189,YKL054C
CPX-1190,YOL073C
CPX-1190,YKL034W
CPX-1190,YDL091C
CPX-1190,YOR223W
CPX-1191,YJR052W
CPX-1191,YGR003W
CPX-1191,YPL046C
CPX-1191,YBR114W
CPX-1198,YHR172W
CPX-1198,YLR212C
CPX-1198,YNL126W
CPX-1200,YNL216W
CPX-1200,YPL075W
CPX-1229,YNL199C
CPX-1229,YNL216W
CPX-1229,YPL075W
CPX-1230,YNL233W
CPX-1230,YER133W
CPX-1231,YER133W
CPX-1231,YOR178C
CPX-1249,YER133W
CPX-1249,YKL193C
CPX-1260,YER133W
CPX-1260,YKL193C
CPX-1260,YFR003C
CPX-1266,YER133W
CPX-1266,YDR028C
CPX-1267,YER133W
CPX-1267,YBR050C
CPX-1268,YAL044C
CPX-1268,YFL018C
CPX-1268,YMR189W
CPX-1268,YDR019C
CPX-1269,YBR004C
CPX-1269,YNL158W
CPX-1270,YCL052C
CPX-1270,YJR013W
CPX-1274,YPL175W
CPX-1274,YPL076W
CPX-1274,YPL096C-A
CPX-1274,YNL038W
CPX-1274,YDR437W
CPX-1274,YGR216C
CPX-1275,YDR331W
CPX-1275,YHR188C
CPX-1275,YDR434W
CPX-1275,YLR459W
CPX-1275,YLR088W
CPX-1276,YMR186W
CPX-1276,YLL024C
CPX-1276,YAL005C
CPX-1276,YPL240C
CPX-1276,YCL037C
CPX-1276,YLR256W
CPX-1276,YNL064C
CPX-1277,YOL108C
CPX-1277,YDR123C
CPX-1278,YLR043C
CPX-1278,YNL015W
CPX-1279,YGR209C
CPX-1279,YNL015W
CPX-1280,YDR057W
CPX-1280,YLR207W
CPX-1280,YJL034W
CPX-1283,YCL043C
CPX-1283,YHR204W
CPX-1287,YGL075C
CPX-1287,YPL255W
CPX-1288,YHR079C-A
CPX-1288,YPL121C
CPX-1292,YHR157W
CPX-1292,YLR329W
CPX-1293,YDR148C
CPX-1293,YFR049W
CPX-1293,YFL018C
CPX-1293,YIL125W
CPX-1295,YGR178C
CPX-1295,YNL085W
CPX-1302,YGR014W
CPX-1302,YPR075C
CPX-1303,YGL051W
CPX-1303,YAR033W
CPX-1304,YEL013W
CPX-1304,YCL063W
CPX-1304,YOR326W
CPX-1306,YPL037C
CPX-1306,YHR193C
CPX-1307,YDR252W
CPX-1307,YHR193C
CPX-1315,YMR080C
CPX-1315,YGR072W
CPX-1315,YHR077C
CPX-1316,YLR430W
CPX-1316,YPL190C
CPX-1316,YNL251C
CPX-1317,YOR043W
CPX-1317,YLL010C
CPX-1318,YOR043W
CPX-1318,YLR019W
CPX-1319,YNL264C
CPX-1319,YGR170W
CPX-1320,YEL037C
CPX-1320,YPL096W
CPX-1322,YPL153C
CPX-1322,YJL115W
CPX-1323,YEL037C
CPX-1323,YDL126C
CPX-1323,YDL190C
CPX-1332,YOR048C
CPX-1332,YGL246C
CPX-1333,YLL002W
CPX-1333,YNL246W
CPX-1335,YDR388W
CPX-1335,YCR009C
CPX-1340,YGR098C
CPX-1340,YDR113C
CPX-1341,YPR181C
CPX-1341,YHR098C
CPX-1342,YDR155C
CPX-1342,YKR029C
CPX-1342,YCR033W
CPX-1342,YGL194C
CPX-1342,YBR103W
CPX-1342,YOL068C
CPX-1342,YIL112W
CPX-1344,YBL007C
CPX-1344,YOR181W
CPX-1355,YHR154W
CPX-1355,YBR228W
CPX-1355,YLR135W
CPX-1362,YPL022W
CPX-1362,YML095C
CPX-1362,YLR135W
CPX-1363,YPL022W
CPX-1363,YML095C
CPX-1363,YAL027W
CPX-1364,YLR383W
CPX-1364,YDR288W
CPX-1364,YDL105W
CPX-1364,YEL019C
CPX-1364,YML023C
CPX-1364,YOL034W
CPX-1364,YER038C
CPX-1364,YLR007W
CPX-1370,YMR095C
CPX-1370,YMR096W
CPX-1371,YNL334C
CPX-1371,YMR096W
CPX-1372,YGL131C
CPX-1372,YNL330C
CPX-1372,YMR176W
CPX-1377,YDL113C
CPX-1377,YJL036W
CPX-1378,YDR425W
CPX-1378,YJL036W
CPX-1379,YOR142W
CPX-1379,YGR244C
CPX-1380,YMR028W
CPX-1380,YPL152W
CPX-1380,YDL134C
CPX-1381,YEL013W
CPX-1381,YHR195W
CPX-1382,YDL188C
CPX-1382,YPL152W
CPX-1382,YMR028W
CPX-1383,YDR108W
CPX-1383,YOR115C
CPX-1383,YDR472W
CPX-1383,YBR254C
CPX-1383,YKR068C
CPX-1383,YDR246W
CPX-1383,YML077W
CPX-1384,YOR279C
CPX-1384,YOL068C
CPX-1384,YDR310C
CPX-1386,YLR394W
CPX-1386,YGL249W
CPX-1386,YIL073C
CPX-1386,YHR153C
CPX-1387,YDR285W
CPX-1387,YIL072W
CPX-1387,YLR445W
CPX-1387,YLR263W
CPX-1387,YDR446W
CPX-1407,YLR445W
CPX-1407,YDR446W
CPX-1408,YIL026C
CPX-1408,YJL074C
CPX-1408,YFL008W
CPX-1408,YPR007C
CPX-1409,YDR324C
CPX-1409,YDR398W
CPX-1409,YPL126W
CPX-1409,YJL109C
CPX-1409,YGR128C
CPX-1409,YMR093W
CPX-1409,YHR196W
CPX-1410,YDR449C
CPX-1410,YCR057C
CPX-1410,YLR222C
CPX-1410,YJL069C
CPX-1410,YLR409C
CPX-1410,YLR129W
CPX-1412,YNR051C
CPX-1412,YER151C
CPX-1413,YOL129W
CPX-1413,YJR044C
CPX-1414,YPL003W
CPX-1414,YPR066W
CPX-1415,YDR207C
CPX-1415,YJR094C
CPX-1417,YKL074C
CPX-1417,YLR116W
CPX-1418,YLR298C
CPX-1418,YHR086W
CPX-1418,YOR159C
CPX-1418,YPR182W
CPX-1418,YDL087C
CPX-1418,YBR119W
CPX-1418,YBR237W
CPX-1418,YIL061C
CPX-1418,YLR275W
CPX-1418,YER029C
CPX-1418,YLR147C
CPX-1418,YML046W
CPX-1418,YFL017W-A
CPX-1418,YDR240C
CPX-1418,YGR013W
CPX-1418,YKL012W
CPX-1418,YGR074W
CPX-1418,YLR116W
CPX-1418,YKL074C
CPX-1418,YDR235W
CPX-1419,YDR356W
CPX-1419,YBR109C
CPX-1419,YKL042W
CPX-1419,YPL124W
CPX-1420,YKL042W
CPX-1420,YNL225C
CPX-1421,YLR221C
CPX-1421,YJR041C
CPX-1421,YKL014C
CPX-1421,YOL144W
CPX-1421,YNR038W
CPX-1422,YGR099W
CPX-1422,YJR136C
CPX-1422,YKL033W
CPX-1423,YML129C
CPX-1423,YJL062W-A
CPX-1423,YJR045C
CPX-1423,YLR203C
CPX-1424,YFL037W
CPX-1424,YML085C
CPX-1425,YFL037W
CPX-1425,YML124C
CPX-1426,YGL106W
CPX-1426,YHR023W
CPX-1426,YPR188C
CPX-1470,YMR109W
CPX-1470,YBR109C
CPX-1500,YKL129C
CPX-1500,YBR109C
CPX-1501,YGL106W
CPX-1501,YAL029C
CPX-1501,YBR109C
CPX-1556,YBL023C
CPX-1556,YNL262W
CPX-1556,YPR175W
CPX-1556,YOL146W
CPX-1556,YBR278W
CPX-1556,YJL072C
CPX-1556,YPR019W
CPX-1556,YGL201C
CPX-1556,YLR103C
CPX-1556,YDR489W
CPX-1556,YDR013W
CPX-1556,YEL032W
CPX-1556,YBR202W
CPX-1556,YDR121W
CPX-1556,YLR274W
CPX-1599,YOL040C
CPX-1599,YNL178W
CPX-1599,YOR369C
CPX-1599,YDR064W
CPX-1599,YMR116C
CPX-1599,YHL015W
CPX-1599,YJR123W
CPX-1599,YGL123W
CPX-1599,YLR167W
CPX-1601,YFR032C-A
CPX-1601,YGL030W
CPX-1601,YBL092W
CPX-1601,YLR075W
CPX-1601,YGL103W
CPX-1601,YPL131W
CPX-1601,YLR325C
CPX-1601,YOR063W
CPX-1601,YJL189W
CPX-1601,YLR340W
CPX-1602,YDL202W
CPX-1602,YKL167C
CPX-1602,YNL122C
CPX-1602,YOR150W
CPX-1602,YDR405W
CPX-1602,YDR237W
CPX-1602,YKR006C
CPX-1602,YBR122C
CPX-1602,YNL185C
CPX-1602,YNL252C
CPX-1602,YJL063C
CPX-1602,YCR071C
CPX-1602,YML025C
CPX-1602,YMR225C
CPX-1602,YLR312W-A
CPX-1602,YJL096W
CPX-1602,YBL038W
CPX-1602,YGL068W
CPX-1602,YLR439W
CPX-1602,YPL173W
CPX-1602,YBR282W
CPX-1602,YNR022C
CPX-1602,YBR268W
CPX-1602,YDR462W
CPX-1602,YDR322W
CPX-1602,YCR046C
CPX-1602,YML009C
CPX-1602,YPR100W
CPX-1602,YHR147C
CPX-1602,YGR220C
CPX-1602,YDR116C
CPX-1602,YMR024W
CPX-1602,YCR003W
CPX-1602,YNL177C
CPX-1602,YKL138C
CPX-1602,YKR085C
CPX-1602,YNL284C
CPX-1602,YDR115W
CPX-1602,YMR286W
CPX-1602,YGR076C
CPX-1602,YMR193W
CPX-1602,YNL005C
CPX-1602,YEL050C
CPX-1602,YDR296W
CPX-1602,YKL170W
CPX-1603,YDR337W
CPX-1603,YGL129C
CPX-1603,YDR036C
CPX-1603,YDR494W
CPX-1603,YNR036C
CPX-1603,YDR041W
CPX-1603,YJR101W
CPX-1603,YBL090W
CPX-1603,YHR059W
CPX-1603,YPR166C
CPX-1603,YER050C
CPX-1603,YOR158W
CPX-1603,YGR215W
CPX-1603,YPL013C
CPX-1603,YIL093C
CPX-1603,YHL004W
CPX-1603,YPL118W
CPX-1603,YNL137C
CPX-1603,YNL081C
CPX-1603,YGR165W
CPX-1603,YMR188C
CPX-1603,YJR113C
CPX-1603,YNL306W
CPX-1603,YNR037C
CPX-1603,YBR251W
CPX-1603,YBR146W
CPX-1603,YKL003C
CPX-1603,YDR347W
CPX-1603,YMR158W
CPX-1603,YDR175C
CPX-1603,YGR084C
CPX-1603,YLR204W
CPX-1606,YOL010W
CPX-1606,YPL217C
CPX-1610,YBL003C
CPX-1610,YNL030W
CPX-1610,YBR010W
CPX-1610,YBL002W
CPX-1611,YBL003C
CPX-1611,YDR224C
CPX-1611,YNL030W
CPX-1611,YBR010W
CPX-1612,YDR224C
CPX-1612,YNL030W
CPX-1612,YDR225W
CPX-1612,YBR010W
CPX-1613,YOL012C
CPX-1613,YDR224C
CPX-1613,YNL030W
CPX-1613,YBR010W
CPX-1614,YOL012C
CPX-1614,YNL030W
CPX-1614,YBR010W
CPX-1614,YBL002W
CPX-1616,YGR167W
CPX-1616,YGL206C
CPX-3342,YLR404W
CPX-3342,YCL005W
CPX-3384,YKR063C
CPX-3384,YOR048C
CPX-3384,YGL246C
CPX-3384,YLL035W
CPX-3462,YAL041W
CPX-3462,YBR200W
CPX-3462,YNL298W
CPX-3503,YGL106W
CPX-3503,YMR032W
CPX-3503,YPL242C
CPX-3541,YER071C
CPX-3541,YIR003W
CPX-3621,YDR499W
CPX-3621,YBR136W
CPX-3681,YDR131C
CPX-3681,YDR328C
CPX-3681,YOL133W
CPX-3681,YDR054C
CPX-3681,YDL132W
CPX-824,YLR335W
CPX-824,YDL116W
CPX-824,YER105C
CPX-824,YJR042W
CPX-824,YDL088C
CPX-824,YAR002W
CPX-824,YJL041W
CPX-824,YJL061W
CPX-824,YGL172W
CPX-824,YKL057C
CPX-824,YBL079W
CPX-824,YKR095W
CPX-824,YKR082W
CPX-824,YDL207W
CPX-824,YMR129W
CPX-824,YLR208W
CPX-824,YGL100W
CPX-824,YIL115C
CPX-824,YIL149C
CPX-824,YOR098C
CPX-824,YML103C
CPX-824,YGR119C
CPX-824,YML031W
CPX-824,YDR424C
CPX-824,YMR153W
CPX-824,YKL068W
CPX-824,YFR002W
CPX-824,YDR192C
CPX-824,YMR047C
CPX-824,YLR018C
CPX-824,YER107C
CPX-824,YJL039C
CPX-1839,YEL036C
CPX-1839,YDR245W
CPX-1839,YJR075W
CPX-1839,YPL050C
CPX-1839,YJL183W
CPX-1622,YNR006W
CPX-1622,YHL002W
CPX-1623,YPL002C
CPX-1623,YLR417W
CPX-1623,YJR102C
CPX-1624,YKL002W
CPX-1624,YKL041W
CPX-1624,YMR077C
CPX-1624,YLR025W
CPX-1625,YLR148W
CPX-1625,YDL077C
CPX-1625,YMR231W
CPX-1625,YPL045W
CPX-1625,YLR396C
CPX-1625,YDR080W
CPX-1626,YLR148W
CPX-1626,YAL002W
CPX-1626,YMR231W
CPX-1626,YPL045W
CPX-1626,YLR396C
CPX-1626,YDR495C
CPX-1627,YDR202C
CPX-1627,YDR328C
CPX-1627,YJR033C
CPX-1628,YOL149W
CPX-1628,YNL118C
CPX-1629,YOR297C
CPX-1629,YBR091C
CPX-1629,YHR005C-A
CPX-1629,YDL217C
CPX-1629,YJL054W
CPX-1630,YLR163C
CPX-1630,YHR024C
CPX-1631,YJL125C
CPX-1631,YNL062C
CPX-1632,YDR165W
CPX-1632,YDL201W
CPX-1633,YKL058W
CPX-1633,YOR194C
CPX-1634,YKL019W
CPX-1634,YDL090C
CPX-1635,YGL155W
CPX-1635,YKL019W
CPX-1636,YPR176C
CPX-1636,YJL031C
CPX-1636,YOR370C
CPX-1637,YKL007W
CPX-1637,YIL034C
CPX-1638,YML019W
CPX-1638,YJL002C
CPX-1638,YOR103C
CPX-1638,YGL022W
CPX-1638,YMR149W
CPX-1638,YEL002C
CPX-1638,YGL226C-A
CPX-1638,YDL232W
CPX-1639,YJL002C
CPX-1639,YOR103C
CPX-1639,YGL022W
CPX-1639,YMR149W
CPX-1639,YOR085W
CPX-1639,YEL002C
CPX-1639,YGL226C-A
CPX-1639,YDL232W
CPX-1640,YEL037C
CPX-1640,YER162C
CPX-1641,YJL072C
CPX-1641,YOL146W
CPX-1641,YDR489W
CPX-1641,YDR013W
CPX-1642,YDR167W
CPX-1642,YPL129W
CPX-1642,YCR042C
CPX-1642,YGL112C
CPX-1642,YGR274C
CPX-1642,YPL011C
CPX-1642,YDR145W
CPX-1642,YMR236W
CPX-1642,YML114C
CPX-1642,YBR198C
CPX-1642,YML015C
CPX-1642,YMR005W
CPX-1642,YER148W
CPX-1642,YML098W
CPX-1642,YMR227C
CPX-1643,YGL047W
CPX-1643,YBR070C
CPX-1644,YGL183C
CPX-1644,YGL033W
CPX-1645,YOR212W
CPX-1645,YJR086W
CPX-1646,YOR212W
CPX-1646,YJR086W
CPX-1646,YHR005C
CPX-1647,YML049C
CPX-1647,YOR319W
CPX-1647,YMR288W
CPX-1647,YMR240C
CPX-1647,YNL138W-A
CPX-1647,YPR094W
CPX-1648,YDL030W
CPX-1648,YDL043C
CPX-1648,YJL203W
CPX-1649,YIR005W
CPX-1649,YGL174W
CPX-1649,YLR016C
CPX-1651,YML049C
CPX-1651,YPL213W
CPX-1651,YNL245C
CPX-1651,YBR065C
CPX-1651,YGL174W
CPX-1651,YMR288W
CPX-1651,YMR213W
CPX-1651,YER172C
CPX-1651,YCR063W
CPX-1651,YPR182W
CPX-1651,YDR364C
CPX-1651,YPL064C
CPX-1651,YDR088C
CPX-1651,YIR009W
CPX-1651,YJL203W
CPX-1651,YLR275W
CPX-1651,YER029C
CPX-1651,YPL151C
CPX-1651,YIR005W
CPX-1651,YLR117C
CPX-1651,YHR165C
CPX-1651,YLR147C
CPX-1651,YGL128C
CPX-1651,YDR416W
CPX-1651,YLL036C
CPX-1651,YBR188C
CPX-1651,YDL043C
CPX-1651,YKL095W
CPX-1651,YDL209C
CPX-1651,YMR240C
CPX-1651,YOR148C
CPX-1651,YLR323C
CPX-1651,YGR278W
CPX-1651,YER013W
CPX-1651,YAL032C
CPX-1651,YGR129W
CPX-1651,YPR101W
CPX-1651,YGR074W
CPX-1651,YDL030W
CPX-1651,YJR050W
CPX-1651,YDR163W
CPX-1651,YDR482C
CPX-1651,YKL173W
CPX-1652,YDR238C
CPX-1652,YNL287W
CPX-1652,YIL076W
CPX-1652,YDL145C
CPX-1652,YFR051C
CPX-1652,YGL137W
CPX-1652,YPL010W
CPX-1653,YHR012W
CPX-1653,YJL053W
CPX-1653,YOR069W
CPX-1653,YJL154C
CPX-1653,YOR132W
CPX-1654,YER017C
CPX-1654,YMR089C
CPX-1655,YPR024W
CPX-1655,YMR115W
CPX-1655,YCL044C
CPX-1656,YAL001C
CPX-1656,YOR110W
CPX-1656,YBR123C
CPX-1656,YDR362C
CPX-1656,YGR047C
CPX-1656,YPL007C
CPX-1657,YMR125W
CPX-1657,YPL178W
CPX-1658,YKR062W
CPX-1658,YKL028W
CPX-1659,YDL108W
CPX-1659,YPL122C
CPX-1659,YDR079C-A
CPX-1659,YDR311W
CPX-1659,YPR025C
CPX-1659,YER171W
CPX-1659,YPR056W
CPX-1659,YIL143C
CPX-1659,YDR460W
CPX-1659,YOR352W
CPX-1659,YLR005W
CPX-1660,YDL108W
CPX-1660,YDR460W
CPX-1660,YPR025C
CPX-1661,YML010W
CPX-1661,YGR063C
CPX-1662,YER159C
CPX-1662,YDR397C
CPX-1663,YBR112C
CPX-1663,YCR084C
CPX-1664,YPR110C
CPX-1664,YNL248C
CPX-1664,YPR010C
CPX-1664,YOR210W
CPX-1664,YPR187W
CPX-1664,YOR224C
CPX-1664,YHR143W-A
CPX-1664,YBR154C
CPX-1664,YJR063W
CPX-1664,YOR340C
CPX-1664,YDR156W
CPX-1664,YOR341W
CPX-1664,YNL113W
CPX-1664,YJL148W
CPX-1665,YGL090W
CPX-1665,YOR005C
CPX-1666,YMR167W
CPX-1666,YNL082W
CPX-1667,YMR167W
CPX-1667,YLR035C
CPX-1668,YPL164C
CPX-1668,YMR167W
CPX-1669,YFR028C
CPX-1669,YJL076W
CPX-1669,YDL042C
CPX-1670,YDR386W
CPX-1670,YBR098W
CPX-1671,YGR078C
CPX-1671,YLR200W
CPX-1671,YNL153C
CPX-1671,YEL003W
CPX-1671,YML094W
CPX-1671,YJL179W
CPX-1672,YPL050C
CPX-1672,YML115C
CPX-1673,YNL273W
CPX-1673,YMR048W
CPX-1674,YGL124C
CPX-1674,YBR131W
CPX-1675,YLR314C
CPX-1675,YHR107C
CPX-1675,YJR076C
CPX-1675,YDL225W
CPX-1675,YCR002C
CPX-1676,YPL166W
CPX-1676,YLR423C
CPX-1676,YDR022C
CPX-1676,YPR185W
CPX-1676,YGL180W
CPX-1677,YPL120W
CPX-1677,YLR240W
CPX-1677,YBR097W
CPX-1677,YLR360W
CPX-1678,YJR036C
CPX-1678,YIL079C
CPX-1678,YOL115W
CPX-1678,YJL050W
CPX-1679,YJR036C
CPX-1679,YDL175C
CPX-1679,YOL115W
CPX-1679,YJL050W
CPX-1680,YIL079C
CPX-1680,YNL299W
CPX-1680,YJL050W
CPX-1681,YCR086W
CPX-1681,YER106W
CPX-1681,YPL204W
CPX-1681,YDR439W
CPX-1682,YEL056W
CPX-1682,YPL001W
CPX-1682,YLL022C
CPX-1683,YIL106W
CPX-1683,YGR092W
CPX-1684,YFL034C-B
CPX-1684,YNL161W
CPX-1685,YLR226W
CPX-1685,YPR161C
CPX-1687,YOL072W
CPX-1687,YDR159W
CPX-1688,YPL031C
CPX-1688,YOL001W
CPX-1689,YER059W
CPX-1689,YPL031C
CPX-1690,YIL050W
CPX-1690,YPL031C
CPX-1691,YPL219W
CPX-1691,YPL031C
CPX-1692,YGL134W
CPX-1692,YPL031C
CPX-1693,YGL215W
CPX-1693,YPL031C
CPX-1694,YDL127W
CPX-1694,YPL031C
CPX-1695,YNL289W
CPX-1695,YPL031C
CPX-1696,YPL031C
CPX-1696,YHR071W
CPX-1697,YDL179W
CPX-1697,YPL031C
CPX-1698,YAR002C-A
CPX-1698,YGL200C
CPX-1698,YAL007C
CPX-1698,YML012W
CPX-1699,YBR160W
CPX-1699,YMR199W
CPX-1699,YBR135W
CPX-1700,YBR160W
CPX-1700,YBR135W
CPX-1700,YAL040C
CPX-1701,YBR160W
CPX-1701,YPR119W
CPX-1702,YBR160W
CPX-1702,YPR120C
CPX-1703,YGR231C
CPX-1703,YGR132C
CPX-1704,YDL154W
CPX-1704,YFL003C
CPX-1705,YAR014C
CPX-1705,YER133W
CPX-1706,YHL003C
CPX-1706,YKL008C
CPX-1706,YMR298W
CPX-1707,YPL111W
CPX-1707,YJL088W
CPX-1708,YMR201C
CPX-1708,YPL022W
CPX-1708,YML095C
CPX-1709,YKL112W
CPX-1709,YJR052W
CPX-1709,YBR114W
CPX-1710,YKL139W
CPX-1710,YML112W
CPX-1710,YJL006C
CPX-1711,YHR085W
CPX-1711,YHR197W
CPX-1711,YNL182C
CPX-1712,YLR314C
CPX-1712,YHR107C
CPX-1712,YKR048C
CPX-1712,YJR076C
CPX-1712,YDR507C
CPX-1712,YDL225W
CPX-1712,YNL166C
CPX-1712,YCR002C
CPX-1715,YJR066W
CPX-1715,YHR186C
CPX-1715,YPL180W
CPX-1715,YNL006W
CPX-1716,YHR186C
CPX-1716,YPL180W
CPX-1716,YKL203C
CPX-1716,YNL006W
CPX-1717,YMR068W
CPX-1717,YER093C
CPX-1717,YJL058C
CPX-1717,YNL006W
CPX-1717,YKL203C
CPX-1717,YOL078W
CPX-1718,YKR020W
CPX-1718,YDR484W
CPX-1718,YDR027C
CPX-1718,YJL029C
CPX-1719,YLR330W
CPX-1719,YOR299W
CPX-1719,YKR027W
CPX-1719,YJL099W
CPX-1719,YMR237W
CPX-1720,YDR279W
CPX-1720,YNL072W
CPX-1720,YLR154C
CPX-1721,YLR038C
CPX-1721,YMR256C
CPX-1722,YLR038C
CPX-1722,YMR256C
CPX-1726,YBR279W
CPX-1726,YOR123C
CPX-1726,YLR418C
CPX-1726,YOL145C
CPX-1726,YGL244W
CPX-1730,YKL188C
CPX-1730,YPL147W
CPX-1731,YMR078C
CPX-1731,YNL290W
CPX-1731,YCL016C
CPX-1731,YJR068W
CPX-1731,YHR191C
CPX-1731,YOL094C
CPX-1731,YBR087W
CPX-1732,YMR284W
CPX-1732,YMR106C
CPX-1733,YOR206W
CPX-1733,YDR060W
CPX-1734,YOR206W
CPX-1734,YLR002C
CPX-1735,YDL148C
CPX-1735,YPR144C
CPX-1738,YLR060W
CPX-1738,YFL022C
CPX-1739,YBR036C
CPX-1739,YPL057C
CPX-1740,YBR036C
CPX-1740,YBR161W
CPX-1742,YJL035C
CPX-1742,YLR316C
CPX-1743,YHR064C
CPX-1743,YGR285C
CPX-1744,YHR083W
CPX-1744,YMR060C
CPX-1744,YNL026W
CPX-1786,YGL145W
CPX-1786,YLR440C
CPX-1786,YNL258C
CPX-1787,YAL009W
CPX-1787,YHR004C
CPX-1793,YNL253W
CPX-1793,YDL084W
CPX-1793,YNL139C
CPX-1793,YDR138W
CPX-1793,YML062C
CPX-1793,YDR381W
CPX-1892,YEL059C-A
CPX-1892,YMR150C
CPX-1892,YMR035W
CPX-5304,YDR498C
CPX-5304,YOR075W
CPX-5304,YLR268W
CPX-5304,YGL098W
CPX-5321,YDR468C
CPX-5321,YMR197C
CPX-5321,YOR327C
CPX-5321,YOL018C
CPX-5322,YDR468C
CPX-5322,YMR197C
CPX-5322,YAL030W
CPX-5322,YOL018C
CPX-5341,YPR111W
CPX-5341,YIL106W
CPX-1887,YMR197C
CPX-1887,YOR106W
CPX-1887,YGL212W
CPX-1887,YKL196C
CPX-5401,YMR197C
CPX-5401,YLR093C
CPX-5401,YOR106W
CPX-5401,YGL212W
CPX-5421,YOR036W
CPX-5421,YMR197C
CPX-5421,YAL014C
CPX-5421,YKL196C
CPX-5422,YDR468C
CPX-5422,YOR036W
CPX-5422,YMR197C
CPX-5422,YKL196C
CPX-5423,YDR468C
CPX-5423,YOR036W
CPX-5423,YMR197C
CPX-5423,YAL030W
CPX-5424,YOR036W
CPX-5424,YMR197C
CPX-5424,YAL014C
CPX-5424,YAL030W
CPX-5441,YGL249W
CPX-5441,YHR153C
CPX-5442,YGL249W
CPX-5442,YIL073C
CPX-5442,YHR153C
CPX-5461,YOR036W
CPX-5461,YMR197C
CPX-5461,YAL014C
CPX-5461,YOR327C
CPX-5462,YDR468C
CPX-5462,YOR036W
CPX-5462,YMR197C
CPX-5462,YOR327C
CPX-1365,YPL232W
CPX-1365,YGR009C
CPX-1365,YAL030W
CPX-5463,YPL232W
CPX-5463,YGR009C
CPX-5463,YOR327C
CPX-5464,YPL232W
CPX-5464,YAL030W
CPX-5464,YMR017W
CPX-5465,YMR183C
CPX-5465,YGR009C
CPX-5465,YOR327C
CPX-5466,YPL232W
CPX-5466,YOR327C
CPX-5466,YMR017W
CPX-1369,YMR183C
CPX-1369,YGR009C
CPX-1369,YAL030W
CPX-5521,YPL232W
CPX-5521,YLR093C
CPX-5521,YGR009C
CPX-1800,YER068W
CPX-1800,YPR072W
CPX-1800,YAL021C
CPX-1800,YNL288W
CPX-1800,YDL165W
CPX-1800,YNR052C
CPX-1800,YIL038C
CPX-1800,YGR134W
CPX-1800,YCR093W
CPX-1805,YPL174C
CPX-1805,YMR294W
CPX-1805,YLL049W
CPX-1805,YHR129C
CPX-1805,YDR106W
CPX-1806,YPL194W
CPX-1806,YOR368W
CPX-1806,YLR288C
CPX-1807,YNL290W
CPX-1807,YJR068W
CPX-1807,YER173W
CPX-1807,YOL094C
CPX-1807,YBR087W
CPX-1808,YFR009W
CPX-1808,YGL195W
CPX-1809,YJR021C
CPX-1809,YER044C-A
CPX-1809,YMR133W
CPX-1810,YBL052C
CPX-1810,YPR031W
CPX-1810,YPL129W
CPX-1810,YOR064C
CPX-1810,YJR082C
CPX-1811,YLR442C
CPX-1811,YDR227W
CPX-1811,YDL042C
CPX-1812,YPR165W
CPX-1812,YLR342W
CPX-1813,YPR165W
CPX-1813,YGR032W
CPX-1814,YHR034C
CPX-1814,YPL235W
CPX-1814,YDR190C
CPX-1814,YCR060W
CPX-6127,YGR033C
CPX-6127,YPL098C
CPX-6127,YJL143W
CPX-6127,YPL063W
CPX-6127,YNR017W
CPX-539,YLR008C
CPX-539,YJL104W
CPX-539,YOR232W
CPX-539,YJR045C
CPX-539,YJL143W
CPX-539,YKR065C
CPX-539,YIL022W
CPX-539,YPL063W
CPX-539,YNR017W
CPX-1830,YKL109W
CPX-1830,YOR358W
CPX-1830,YGL237C
CPX-1830,YBL021C
CPX-1831,YMR146C
CPX-1831,YDR429C
CPX-1831,YOR361C
CPX-1831,YBR079C
CPX-1831,YMR309C
CPX-1832,YAR008W
CPX-1832,YPL083C
CPX-1832,YLR105C
CPX-1832,YMR059W
CPX-1833,YDR086C
CPX-1833,YER087C-B
CPX-1833,YLR378C
CPX-1834,YDR086C
CPX-1834,YBR283C
CPX-1834,YER019C-A
CPX-1835,YJR010C-A
CPX-1835,YLR066W
CPX-1835,YML055W
CPX-1835,YIR022W
CPX-1836,YJL025W
CPX-1836,YML043C
CPX-1836,YBL014C
CPX-1837,YNL230C
CPX-1837,YGR003W
CPX-1837,YPL046C
CPX-1837,YOL133W
CPX-1838,YNR044W
CPX-1838,YGL032C
CPX-1840,YML071C
CPX-1840,YER157W
CPX-1840,YGL005C
CPX-1840,YGL223C
CPX-1840,YNL041C
CPX-1840,YGR120C
CPX-1840,YPR105C
CPX-1840,YNL051W
CPX-1846,YBL046W
CPX-1846,YNL201C
CPX-1846,YDR075W
CPX-1848,YPL149W
CPX-1848,YBR217W
CPX-1849,YPL149W
CPX-1849,YBR217W
CPX-1849,YMR159C
CPX-1850,YKL211C
CPX-1850,YER090W
CPX-1851,YNL330C
CPX-1851,YPL139C
CPX-1851,YMR075W
CPX-1851,YOL004W
CPX-1851,YPR023C
CPX-1852,YNL330C
CPX-1852,YNL097C
CPX-1852,YPL181W
CPX-1852,YMR263W
CPX-1852,YPL139C
CPX-1852,YDL076C
CPX-1852,YOL004W
CPX-1852,YAL013W
CPX-1852,YIL084C
CPX-1852,YBR095C
CPX-1853,YCR081W
CPX-1853,YPL042C
CPX-1853,YNL025C
CPX-1853,YDR443C
CPX-1854,YIL004C
CPX-1854,YLR268W
CPX-1854,YLR026C
CPX-1854,YLR078C
CPX-1855,YLR026C
CPX-1855,YHL031C
CPX-1855,YKL006C-A
CPX-1855,YKL196C
CPX-1856,YAL016W
CPX-1856,YGL190C
CPX-1856,YDL134C
CPX-1857,YAL016W
CPX-1857,YOR014W
CPX-1857,YDL134C
CPX-1858,YAL016W
CPX-1858,YDL188C
CPX-1858,YOR014W
CPX-1859,YAL016W
CPX-1859,YDL188C
CPX-1859,YGL190C
CPX-1861,YOR007C
CPX-1861,YOL111C
CPX-1861,YOR164C
CPX-1861,YLL026W
CPX-1861,YBR137W
CPX-1862,YMR049C
CPX-1862,YOR272W
CPX-1862,YGR103W
CPX-1863,YDL047W
CPX-1863,YIL153W
CPX-1863,YMR028W
CPX-1864,YDL047W
CPX-1864,YFR040W
CPX-1865,YDL047W
CPX-1865,YJL098W
CPX-1866,YDL047W
CPX-1866,YKR028W
CPX-1867,YIL026C
CPX-1867,YJL074C
CPX-1867,YFL008W
CPX-1867,YDL003W
CPX-1868,YDR180W
CPX-1868,YER147C
CPX-1869,YDR325W
CPX-1869,YLR272C
CPX-1869,YLR086W
CPX-1869,YBL097W
CPX-1869,YFR031C
CPX-6643,YGL110C
CPX-6643,YGR271W
CPX-6643,YKR023W
CPX-608,YOR023C
CPX-608,YGR252W
CPX-608,YDR176W
CPX-608,YDR448W
CPX-608,YCL010C
CPX-608,YCR082W
CPX-675,YBR081C
CPX-675,YGR252W
CPX-675,YDR392W
CPX-675,YHR099W
CPX-675,YPL047W
CPX-675,YDR145W
CPX-675,YDR176W
CPX-675,YCL010C
CPX-675,YBR198C
CPX-675,YGL066W
CPX-675,YGL112C
CPX-675,YBR111W-A
CPX-675,YMR223W
CPX-675,YMR236W
CPX-675,YPL254W
CPX-675,YOL148C
CPX-675,YDR167W
CPX-675,YDR448W
CPX-675,YER164W
CPX-392,YCL017C
CPX-392,YDL120W
CPX-392,YPL135W
CPX-392,YER048W-A
CPX-392,YPL252C
CPX-392,YKL192C
CPX-6864,YDR098C
CPX-6864,YGL220W
CPX-6865,YER174C
CPX-6865,YGL220W
CPX-1192,YHR026W
CPX-1192,YLR447C
CPX-1192,YDL185W
CPX-1192,YOR332W
CPX-1192,YPR170W-B
CPX-1192,YHR039C-A
CPX-1192,YPR036W
CPX-1192,YEL051W
CPX-1192,YPL234C
CPX-1192,YKL080W
CPX-1192,YGR020C
CPX-1192,YCL005W-A
CPX-1192,YEL027W
CPX-1192,YMR054W
CPX-1192,YGR106C
CPX-1192,YBR127C
CPX-1193,YHR026W
CPX-1193,YLR447C
CPX-1193,YDL185W
CPX-1193,YOR332W
CPX-1193,YPR170W-B
CPX-1193,YOR270C
CPX-1193,YPR036W
CPX-1193,YEL051W
CPX-1193,YPL234C
CPX-1193,YHR039C-A
CPX-1193,YKL080W
CPX-1193,YGR020C
CPX-1193,YCL005W-A
CPX-1193,YEL027W
CPX-1193,YGR106C
CPX-1193,YBR127C
CPX-6928,YPL059W
CPX-6928,YAL044W-A
CPX-6930,YAL046C
CPX-6930,YPL059W
CPX-1872,YNL250W
CPX-1872,YMR224C
CPX-1872,YDR369C
CPX-1873,YHR062C
CPX-1873,YNL221C
CPX-1873,YGR030C
CPX-1873,YBL018C
CPX-1873,YBR167C
CPX-1873,YNL282W
CPX-1873,YAL033W
CPX-1873,YBR257W
CPX-1873,YIR015W
CPX-1686,YOL072W
CPX-1686,YDR159W
CPX-1686,YOR257W
CPX-1686,YBR111W-A
CPX-1881,YLR240W
CPX-1881,YLR211C
CPX-1881,YBR128C
CPX-1881,YPL120W
CPX-1881,YBR097W
CPX-1882,YAL005C
CPX-1882,YLR256W
CPX-1882,YCL037C
CPX-1882,YNL064C
CPX-1883,YLL024C
CPX-1883,YLR256W
CPX-1883,YCL037C
CPX-1883,YNL064C
CPX-1884,YNL021W
CPX-1884,YPR179C
CPX-1884,YDR295C
CPX-1885,YLR117C
CPX-1885,YGR129W
CPX-1885,YPR101W
CPX-1885,YMR213W
CPX-1885,YDR416W
CPX-1885,YLL036C
CPX-1885,YBR188C
CPX-1885,YJR050W
CPX-1886,YLR424W
CPX-1886,YGL120C
CPX-1886,YKR022C
CPX-1888,YCR052W
CPX-1888,YLR321C
CPX-1888,YLR033W
CPX-1888,YIL126W
CPX-1888,YLR357W
CPX-1888,YGR275W
CPX-1888,YKR008W
CPX-1888,YPR034W
CPX-1888,YFR037C
CPX-1888,YML127W
CPX-1888,YBL006C
CPX-1888,YMR091C
CPX-1888,YMR033W
CPX-1888,YHR056C
CPX-1888,YDR303C
CPX-1888,YCR020W-B
CPX-1889,YCR052W
CPX-1889,YLR321C
CPX-1889,YLR033W
CPX-1889,YIL126W
CPX-1889,YGR275W
CPX-1889,YKR008W
CPX-1889,YPR034W
CPX-1889,YFR037C
CPX-1889,YGR056W
CPX-1889,YML127W
CPX-1889,YBL006C
CPX-1889,YMR091C
CPX-1889,YMR033W
CPX-1889,YHR056C
CPX-1889,YDR303C
CPX-1889,YCR020W-B
CPX-1890,YIL068C
CPX-1890,YPR055W
CPX-1890,YGL233W
CPX-1890,YLR166C
CPX-1890,YBR102C
CPX-1890,YJL085W
CPX-1890,YER008C
CPX-1890,YDR166C
CPX-1891,YDR404C
CPX-1891,YJL140W
CPX-1893,YJR002W
CPX-1893,YNL075W
CPX-1893,YHR148W
CPX-1894,YDL216C
CPX-1894,YJR084W
CPX-1894,YMR025W
CPX-1894,YOL117W
CPX-1894,YDR179C
CPX-1894,YIL071C
CPX-1895,YDR228C
CPX-1895,YGL044C
CPX-1895,YOR250C
CPX-1895,YMR061W
CPX-1896,YOR250C
CPX-1896,YMR061W
CPX-1896,YOL123W
CPX-1896,YDR228C
CPX-1896,YGL044C
CPX-2662,YOL005C
CPX-2662,YDR404C
CPX-2662,YOR210W
CPX-2662,YPR187W
CPX-2662,YDL140C
CPX-2662,YOR224C
CPX-2662,YHR143W-A
CPX-2662,YOR151C
CPX-2662,YBR154C
CPX-2662,YGL070C
CPX-2662,YJL140W
CPX-2662,YIL021W
CPX-1898,YMR094W
CPX-1898,YMR168C
CPX-1898,YGR140W
CPX-1898,YDR328C
CPX-1899,YGL093W
CPX-1899,YDR532C
CPX-1900,YPL209C
CPX-1900,YBR156C
CPX-1900,YHR199C-A
CPX-1900,YJR089W
CPX-1604,YNL075W
CPX-1604,YIL019W
CPX-1604,YDR339C
CPX-1604,YNL132W
CPX-1604,YPR144C
CPX-1604,YLL011W
CPX-1604,YLR222C
CPX-1604,YPL217C
CPX-1604,YKR060W
CPX-1604,YGR145W
CPX-1604,YLR409C
CPX-1604,YBL004W
CPX-1604,YDL148C
CPX-1604,YDL014W
CPX-1604,YHR196W
CPX-1604,YLR186W
CPX-1604,YMR229C
CPX-1604,YDR398W
CPX-1604,YDR324C
CPX-1604,YDR449C
CPX-1604,YJL109C
CPX-1604,YPL126W
CPX-1604,YCR057C
CPX-1604,YML093W
CPX-1604,YOL010W
CPX-1604,YER082C
CPX-1604,YER127W
CPX-1604,YLR197W
CPX-1604,YEL026W
CPX-1604,YCL031C
CPX-1604,YHR148W
CPX-1604,YMR128W
CPX-1604,YKL099C
CPX-1604,YGR128C
CPX-1604,YDL153C
CPX-1604,YOR145C
CPX-1604,YBR247C
CPX-1604,YPR137W
CPX-1604,YJR002W
CPX-1604,YOR310C
CPX-1604,YGR090W
CPX-1604,YJL069C
CPX-1604,YOR078W
CPX-1604,YLR051C
CPX-1604,YLR129W
CPX-1604,YMR093W
CPX-1604,YCL059C
CPX-7884,YGR066C
CPX-7884,YGL227W
CPX-7884,YMR135C
CPX-7884,YIL017C
CPX-7884,YIL097W
CPX-7884,YCL039W
CPX-7884,YDR255C
CPX-7885,YGL227W
CPX-7885,YMR135C
CPX-7885,YLR149C
CPX-7885,YIL017C
CPX-7885,YIL097W
CPX-7885,YCL039W
CPX-7885,YDR255C
CPX-8127,YDL126C
CPX-8127,YBL058W
CPX-8171,YLR199C
CPX-8171,YKL206C
CPX-8172,YPL144W
CPX-8172,YLR021W
CPX-8559,YDR150W
CPX-8559,YPR083W
CPX-1091,YPL167C
CPX-1091,YJR006W
CPX-1091,YJR043C
CPX-1091,YIL139C
CPX-3211,YGL192W
CPX-3211,YGL036W
CPX-3211,YNL196C
CPX-3211,YBR057C
CPX-3211,YCL055W
CPX-784,YJL012C
CPX-784,YPL019C
CPX-784,YER072W
CPX-8568,YFL004W
CPX-8568,YJL012C
CPX-8568,YER072W
CPX-1792,YML062C
CPX-1792,YNL139C
CPX-1792,YDR138W
CPX-1792,YNL253W
CPX-9181,YLR180W
CPX-9181,YIL074C
CPX-9181,YDR502C
CPX-9181,YLR058C
CPX-9181,YAL038W
CPX-9181,YER081W
CPX-9181,YLR153C
CPX-1901,YOL044W
CPX-1901,YNL329C
CPX-1901,YKL197C
CPX-1903,YJL210W
CPX-1903,YMR026C
CPX-1903,YDR265W
CPX-1904,YLR191W
CPX-1904,YNL214W
CPX-1904,YGL153W
CPX-1905,YHR160C
CPX-1905,YDR142C
CPX-1906,YGR239C
CPX-1906,YDR142C
CPX-26486,YPR176C
CPX-26486,YKR004C
CPX-1197,YMR029C
CPX-1197,YFR008W
CPX-1197,YDR200C
CPX-1197,YLR238W
CPX-1197,YNR032W
CPX-1197,YNL127W
CPX-1197,YMR052W
CPX-1939,YOR115C
CPX-1939,YML077W
CPX-1939,YMR218C
CPX-1939,YGR166W
CPX-1939,YBR254C
CPX-1939,YKR068C
CPX-1939,YEL048C
CPX-1939,YDR246W
CPX-1939,YDR407C
CPX-1939,YDR472W
CPX-1940,YOR115C
CPX-1940,YDR472W
CPX-1940,YBR254C
CPX-1940,YKR068C
CPX-1940,YDR246W
CPX-1940,YML077W
CPX-1947,YGR264C
CPX-1947,YGL245W
CPX-1947,YGL105W
CPX-1028,YNL297C
CPX-1028,YIL048W
CPX-1028,YDR141C
CPX-26727,YPL008W
CPX-26727,YPR135W
CPX-26729,YDR189W
CPX-26729,YLR026C
CPX-26731,YGL001C
CPX-26731,YGR060W
CPX-26731,YLR100W
CPX-2091,YIR008C
CPX-2091,YBL035C
CPX-2091,YNL102W
CPX-2091,YKL045W
CPX-2101,YDL102W
CPX-2101,YJR006W
CPX-2101,YJR043C
CPX-2110,YPR175W
CPX-2110,YNL262W
CPX-2110,YBR278W
CPX-2110,YDR121W
CPX-2112,YLR453C
CPX-2112,YNL216W
CPX-2112,YBR275C
CPX-2122,YDR485C
CPX-2122,YBR231C
CPX-2122,YAL011W
CPX-2122,YLR385C
CPX-2122,YLR399C
CPX-2122,YGR002C
CPX-2122,YNL107W
CPX-2122,YML041C
CPX-2122,YDR190C
CPX-2122,YPL235W
CPX-2122,YFL039C
CPX-2122,YDR334W
CPX-2122,YJL081C
CPX-2122,YLR085C
CPX-2156,YIL142W
CPX-2156,YJL014W
CPX-2156,YDL143W
CPX-2156,YJL008C
CPX-2156,YJR064W
CPX-2156,YDR188W
CPX-2156,YJL111W
CPX-2156,YDR212W
CPX-2225,YGL106W
CPX-2225,YBR109C
CPX-2225,YOR326W
CPX-2262,YDR394W
CPX-2262,YOR362C
CPX-2262,YFR052W
CPX-2262,YOR261C
CPX-2262,YDL147W
CPX-2262,YHR200W
CPX-2262,YML092C
CPX-2262,YDR427W
CPX-2262,YGL011C
CPX-2262,YDL097C
CPX-2262,YGR253C
CPX-2262,YBL041W
CPX-2262,YER094C
CPX-2262,YOR259C
CPX-2262,YDL007W
CPX-2262,YER021W
CPX-2262,YMR314W
CPX-2262,YGL048C
CPX-2262,YJL001W
CPX-2262,YGR135W
CPX-2262,YFR050C
CPX-2262,YHR027C
CPX-2262,YER012W
CPX-2262,YPR103W
CPX-2262,YOL038W
CPX-2262,YFR004W
CPX-2262,YIL075C
CPX-2262,YPR108W
CPX-2262,YOR157C
CPX-2262,YKL145W
CPX-2262,YOR117W
CPX-2267,YMR038C
CPX-2267,YJR104C
CPX-2281,YLR099W-A
CPX-2281,YOL026C
CPX-2321,YHR122W
CPX-2321,YDR267C
CPX-2321,YIL128W
CPX-2371,YGR181W
CPX-2371,YJR135W-A
CPX-2523,YPL218W
CPX-2523,YDL195W
CPX-2523,YIL109C
CPX-2523,YPR181C
CPX-2523,YLR208W
CPX-2533,YDL160C-A
CPX-2533,YPL018W
CPX-2533,YDR374W-A
CPX-2533,YOL086W-A
CPX-2533,YJR135C
CPX-2533,YGR179C
CPX-2533,YDR254W
CPX-2533,YLR315W
CPX-2533,YBR107C
CPX-2533,YPR046W
CPX-2533,YFR046C
CPX-2533,YKL089W
CPX-2533,YBR211C
CPX-2533,YDR383C
CPX-2533,YDR318W
CPX-2533,YLR381W
CPX-2541,YGL087C
CPX-2541,YDR092W
CPX-2566,YDR225W
CPX-2566,YNL030W
CPX-2566,YBR010W
CPX-2566,YBL002W
CPX-2581,YKL191W
CPX-2581,YIL103W
CPX-2660,YPR110C
CPX-2660,YPR190C
CPX-2660,YJL011C
CPX-2660,YNL151C
CPX-2660,YKL144C
CPX-2660,YDR045C
CPX-2660,YOR210W
CPX-2660,YPR187W
CPX-2660,YOR224C
CPX-2660,YOR207C
CPX-2660,YHR143W-A
CPX-2660,YBR154C
CPX-2660,YOR116C
CPX-2660,YDL150W
CPX-2660,YNR003C
CPX-2660,YKR025W
CPX-2660,YNL113W
CPX-2678,YJL062W
CPX-2678,YDR302W
CPX-2680,YLL031C
CPX-2680,YDR302W
CPX-2723,YJR122W
CPX-2723,YLL027W
CPX-2723,YPR067W
CPX-2800,YGL115W
CPX-2800,YDR477W
CPX-2800,YGL208W
CPX-2854,YPL048W
CPX-2854,YAL003W
CPX-2854,YBR118W
CPX-2894,YDR367W
CPX-2894,YKL004W
CPX-2902,YCR066W
CPX-2902,YGL058W
CPX-2910,YDL074C
CPX-2910,YGL058W
CPX-2918,YGR184C
CPX-2918,YGL058W
CPX-2921,YMR275C
CPX-2921,YER125W
CPX-2923,YER125W
CPX-2923,YML111W
CPX-2935,YLR024C
CPX-2935,YGL058W
CPX-2937,YLR024C
CPX-2937,YMR100W
CPX-2937,YGL058W
CPX-2944,YBL023C
CPX-2944,YPR019W
CPX-2944,YGL201C
CPX-2944,YEL032W
CPX-2944,YBR202W
CPX-2944,YLR274W
CPX-2946,YDL126C
CPX-2946,YGR048W
CPX-2946,YBR170C
CPX-2948,YMR022W
CPX-2948,YMR264W
CPX-2950,YBR091C
CPX-2950,YHR005C-A
CPX-3028,YMR306W
CPX-3028,YPR165W
CPX-3034,YCL009C
CPX-3034,YMR108W
CPX-3036,YAL023C
CPX-3036,YDL095W
CPX-3037,YOR321W
CPX-3037,YDL095W
CPX-3038,YAL023C
CPX-3038,YDL093W
CPX-3040,YOR321W
CPX-3040,YDL093W
CPX-3055,YBR171W
CPX-3055,YDR086C
CPX-3055,YLR292C
CPX-3055,YOR254C
CPX-3055,YPL094C
CPX-3055,YER087C-B
CPX-3055,YLR378C
CPX-3056,YBR171W
CPX-3056,YLR292C
CPX-3056,YOR254C
CPX-3056,YPL094C
CPX-3069,YDL126C
CPX-3069,YDR049W
CPX-3069,YBR170C
CPX-3070,YDR057W
CPX-3070,YOL013C
CPX-3070,YLR207W
CPX-3070,YBR201W
CPX-3070,YML013W
CPX-3070,YML029W
CPX-3074,YML013W
CPX-3074,YIL030C
CPX-3078,YDR137W
CPX-3078,YLR039C
CPX-3087,YDR078C
CPX-3087,YHL006C
CPX-3087,YLR376C
CPX-3087,YIL132C
CPX-3088,YNL325C
CPX-3088,YLR386W
CPX-3088,YFR021W
CPX-3088,YFR019W
CPX-3088,YNL054W
CPX-3139,YDR004W
CPX-3139,YDR076W
CPX-3146,YFL036W
CPX-3146,YMR228W
CPX-3155,YFL024C
CPX-3155,YNL107W
CPX-3155,YGR002C
CPX-3155,YOR244W
CPX-3155,YEL018W
CPX-3155,YHR099W
CPX-3155,YJR082C
CPX-3155,YDR359C
CPX-3155,YNL136W
CPX-3155,YFL039C
CPX-3155,YPR023C
CPX-3155,YHR090C
CPX-3155,YJL081C
CPX-3158,YBR058C-A
CPX-3158,YKL212W
CPX-3158,YGR038W
CPX-3158,YLR350W
CPX-3158,YDR062W
CPX-3158,YMR296C
CPX-3159,YBR228W
CPX-3159,YLR135W
CPX-3163,YFR030W
CPX-3163,YJR137C
CPX-3172,YML121W
CPX-3172,YKR007W
CPX-3172,YBR077C
CPX-3172,YGR163W
CPX-3172,YCR075W-A
CPX-3179,YDL013W
CPX-3179,YER116C
CPX-3180,YMR287C
CPX-3180,YPL029W
CPX-3184,YNL136W
CPX-3184,YPR023C
CPX-3184,YEL018W
CPX-3185,YFL024C
CPX-3185,YOR244W
CPX-3185,YHR090C
CPX-3188,YNL271C
CPX-3188,YLR319C
CPX-3188,YNL293W
CPX-3188,YOL112W
CPX-3188,YER149C
CPX-3188,YLL021W
CPX-3196,YOL009C
CPX-3196,YLL006W
CPX-3196,YAL048C
CPX-3196,YGL219C
CPX-3196,YAL010C
CPX-3207,YER178W
CPX-3207,YFL018C
CPX-3207,YGR193C
CPX-3207,YBR221C
CPX-3207,YNL071W
CPX-3212,YJL030W
CPX-3212,YGR188C
CPX-3212,YOR026W
CPX-3212,YGL086W
CPX-3215,YML069W
CPX-3215,YGL207W
CPX-3226,YPR070W
CPX-3226,YDL005C
CPX-3226,YLR071C
CPX-3226,YDR308C
CPX-3226,YGR104C
CPX-3226,YPR168W
CPX-3226,YBR193C
CPX-3226,YGL127C
CPX-3226,YBR253W
CPX-3226,YHR041C
CPX-3226,YNL236W
CPX-3226,YGL025C
CPX-3226,YGL151W
CPX-3226,YNR010W
CPX-3226,YOL051W
CPX-3226,YER022W
CPX-3226,YBL093C
CPX-3226,YHR058C
CPX-3226,YMR112C
CPX-3226,YOR174W
CPX-3226,YOL135C
CPX-3231,YDR128W
CPX-3231,YBL104C
CPX-3231,YJR138W
CPX-3231,YEL062W
CPX-3231,YOL138C
CPX-3231,YHL023C
CPX-3231,YLR208W
CPX-3231,YGL100W
CPX-3233,YKL143W
CPX-3233,YML121W
CPX-3233,YKR007W
CPX-3233,YBR077C
CPX-3233,YGR163W
CPX-3234,YFL009W
CPX-3234,YDR328C
CPX-3234,YOL133W
CPX-3234,YDR054C
CPX-3234,YDL132W
CPX-3238,YPR180W
CPX-3238,YDR390C
CPX-3241,YJR090C
CPX-3241,YDR328C
CPX-3241,YOL133W
CPX-3241,YDR054C
CPX-3241,YDL132W
CPX-3242,YDR328C
CPX-3242,YLR368W
CPX-3242,YOL133W
CPX-3242,YDR054C
CPX-3242,YDL132W
CPX-3243,YML088W
CPX-3243,YDR328C
CPX-3243,YOL133W
CPX-3243,YDR054C
CPX-3243,YDL132W
CPX-3244,YDR328C
CPX-3244,YJL149W
CPX-3244,YOL133W
CPX-3244,YDR054C
CPX-3244,YDL132W
CPX-3248,YNL008C
CPX-3248,YMR119W
CPX-3248,YNL159C
CPX-3249,YDR328C
CPX-3249,YIL046W
CPX-3249,YOL133W
CPX-3249,YDR054C
CPX-3249,YDL132W
CPX-3250,YOL133W
CPX-3250,YDR328C
CPX-3250,YOR080W
CPX-3250,YDR054C
CPX-3250,YDL132W
CPX-3253,YLR352W
CPX-3253,YDR328C
CPX-3253,YOL133W
CPX-3253,YDR054C
CPX-3253,YDL132W
CPX-3254,YBR280C
CPX-3254,YDR328C
CPX-3254,YOL133W
CPX-3254,YDR054C
CPX-3254,YDL132W
CPX-3255,YLR097C
CPX-3255,YDR328C
CPX-3255,YOL133W
CPX-3255,YDR054C
CPX-3255,YDL132W
CPX-3265,YPL009C
CPX-3265,YMR247C
CPX-3265,YGR048W
CPX-3265,YBR170C
CPX-3265,YDL126C
CPX-3265,YDR333C
CPX-3279,YIR024C
CPX-3279,YPL099C
CPX-3281,YLR295C
CPX-3281,YBL099W
CPX-3281,YJR121W
CPX-3281,YDR298C
CPX-3281,YDR322C-A
CPX-3281,YDL004W
CPX-3281,YPL078C
CPX-3281,YKL016C
CPX-3281,YPL271W
CPX-3281,YML081C-A
CPX-3281,YBR039W
CPX-3281,YOL077W-A
CPX-3281,YDR377W
CPX-3281,YPR020W
CPX-3284,YHR062C
CPX-3284,YNL221C
CPX-3284,YGR030C
CPX-3284,YBL018C
CPX-3284,YBR167C
CPX-3284,YNL282W
CPX-3284,YDR478W
CPX-3284,YAL033W
CPX-3284,YLR145W
CPX-3284,YBR257W
CPX-3294,YGL094C
CPX-3294,YKL025C
CPX-3298,YLR318W
CPX-3298,YIL009C-A
CPX-3298,YLR233C
